OBJECTID,Longitude,Latitude,Section,Destination,Time,Date
79,118.6815796,34.5980072,To Li County,Overland Route,2011-12-31 8:10,"December 31st, 11 BC"
78,118.6816101,34.59967422,To Li County,Overland Route,2011-12-31 8:15,"December 31st, 11 BC"
77,118.6849594,34.60301208,To Li County,Overland Route,2011-12-31 8:20,"December 31st, 11 BC"
76,118.6875305,34.60561371,To Li County,Overland Route,2011-12-31 8:25,"December 31st, 11 BC"
75,118.6874695,34.60942841,To Li County,Overland Route,2011-12-31 8:30,"December 31st, 11 BC"
74,118.6889648,34.61310959,To Li County,Overland Route,2011-12-31 8:35,"December 31st, 11 BC"
73,118.686676,34.61684036,To Li County,Overland Route,2011-12-31 8:40,"December 31st, 11 BC"
72,118.687706,34.62101364,To Li County,Overland Route,2011-12-31 8:45,"December 31st, 11 BC"
71,118.6905975,34.62405396,To Li County,Overland Route,2011-12-31 8:50,"December 31st, 11 BC"
70,118.6938248,34.62697601,To Li County,Overland Route,2011-12-31 8:55,"December 31st, 11 BC"
69,118.6935501,34.63031006,To Li County,Overland Route,2011-12-31 9:00,"December 31st, 11 BC"
68,118.6945724,34.63448334,To Li County,Overland Route,2011-12-31 9:05,"December 31st, 11 BC"
67,118.69841,34.63718796,To Li County,Overland Route,2011-12-31 9:10,"December 31st, 11 BC"
66,118.69944,34.64135742,To Li County,Overland Route,2011-12-31 9:15,"December 31st, 11 BC"
65,118.7023392,34.6448555,To Li County,Overland Route,2011-12-31 9:20,"December 31st, 11 BC"
64,118.7024231,34.64871597,To Li County,Overland Route,2011-12-31 9:25,"December 31st, 11 BC"
63,118.703949,34.65270996,To Li County,Overland Route,2011-12-31 9:30,"December 31st, 11 BC"
62,118.7058792,34.65655518,To Li County,Overland Route,2011-12-31 9:35,"December 31st, 11 BC"
61,118.709259,34.65988541,To Li County,Overland Route,2011-12-31 9:40,"December 31st, 11 BC"
60,118.7083969,34.66408157,To Li County,Overland Route,2011-12-31 9:45,"December 31st, 11 BC"
59,118.7098007,34.66812134,To Li County,Overland Route,2011-12-31 9:50,"December 31st, 11 BC"
58,118.7141876,34.67016602,To Li County,Overland Route,2011-12-31 9:55,"December 31st, 11 BC"
57,118.7168503,34.67375183,To Li County,Overland Route,2011-12-31 10:00,"December 31st, 11 BC"
56,118.7210388,34.67633057,To Li County,Overland Route,2011-12-31 10:05,"December 31st, 11 BC"
55,118.7242966,34.67969894,To Li County,Overland Route,2011-12-31 10:10,"December 31st, 11 BC"
54,118.727562,34.68306732,To Li County,Overland Route,2011-12-31 10:15,"December 31st, 11 BC"
53,118.7296448,34.68686295,To Li County,Overland Route,2011-12-31 10:20,"December 31st, 11 BC"
52,118.7306595,34.69038773,To Li County,Overland Route,2011-12-31 10:25,"December 31st, 11 BC"
51,118.7326279,34.6942215,To Li County,Overland Route,2011-12-31 10:30,"December 31st, 11 BC"
50,118.7335129,34.69779205,To Li County,Overland Route,2011-12-31 10:35,"December 31st, 11 BC"
49,118.737793,34.70018005,To Li County,Overland Route,2011-12-31 10:40,"December 31st, 11 BC"
48,118.7408371,34.7028656,To Li County,Overland Route,2011-12-31 10:45,"December 31st, 11 BC"
47,118.7385406,34.70581818,To Li County,Overland Route,2011-12-31 10:50,"December 31st, 11 BC"
46,118.7384872,34.70963669,To Li County,Overland Route,2011-12-31 10:55,"December 31st, 11 BC"
45,118.7367172,34.71353531,To Li County,Overland Route,2011-12-31 11:00,"December 31st, 11 BC"
44,118.7359543,34.71776581,To Li County,Overland Route,2011-12-31 11:05,"December 31st, 11 BC"
43,118.7369843,34.72193527,To Li County,Overland Route,2011-12-31 11:10,"December 31st, 11 BC"
42,118.7415771,34.723526,To Li County,Overland Route,2011-12-31 11:15,"December 31st, 11 BC"
41,118.7435608,34.72727585,To Li County,Overland Route,2011-12-31 11:20,"December 31st, 11 BC"
40,118.7441711,34.7315979,To Li County,Overland Route,2011-12-31 11:25,"December 31st, 11 BC"
39,118.7459793,34.73498535,To Li County,Overland Route,2011-12-31 11:30,"December 31st, 11 BC"
38,118.7442017,34.73888397,To Li County,Overland Route,2011-12-31 11:35,"December 31st, 11 BC"
37,118.7449799,34.74297714,To Li County,Overland Route,2011-12-31 11:40,"December 31st, 11 BC"
36,118.7489395,34.74604034,To Li County,Overland Route,2011-12-31 11:45,"December 31st, 11 BC"
35,118.7540283,34.74674606,To Li County,Overland Route,2011-12-31 11:50,"December 31st, 11 BC"
34,118.757431,34.74983215,To Li County,Overland Route,2011-12-31 11:55,"December 31st, 11 BC"
33,118.7603226,34.75333405,To Li County,Overland Route,2011-12-31 12:00,"December 31st, 11 BC"
32,118.7622986,34.75716782,To Li County,Overland Route,2011-12-31 12:05,"December 31st, 11 BC"
31,118.7633286,34.76133728,To Li County,Overland Route,2011-12-31 12:10,"December 31st, 11 BC"
30,118.7597656,34.76382446,To Li County,Overland Route,2011-12-31 12:15,"December 31st, 11 BC"
29,118.758728,34.76724243,To Li County,Overland Route,2011-12-31 12:20,"December 31st, 11 BC"
28,118.7578735,34.77144241,To Li County,Overland Route,2011-12-31 12:25,"December 31st, 11 BC"
27,118.7596359,34.77535248,To Li County,Overland Route,2011-12-31 12:30,"December 31st, 11 BC"
26,118.7640915,34.77737045,To Li County,Overland Route,2011-12-31 12:35,"December 31st, 11 BC"
25,118.7693481,34.77772522,To Li County,Overland Route,2011-12-31 12:40,"December 31st, 11 BC"
24,118.7731934,34.78042603,To Li County,Overland Route,2011-12-31 12:45,"December 31st, 11 BC"
23,118.772934,34.78440857,To Li County,Overland Route,2011-12-31 12:50,"December 31st, 11 BC"
22,118.7758026,34.78746033,To Li County,Overland Route,2011-12-31 12:55,"December 31st, 11 BC"
21,118.7770767,34.79154587,To Li County,Overland Route,2011-12-31 13:00,"December 31st, 11 BC"
20,118.7799454,34.79459381,To Li County,Overland Route,2011-12-31 13:05,"December 31st, 11 BC"
19,118.7845993,34.79622269,To Li County,Overland Route,2011-12-31 13:10,"December 31st, 11 BC"
18,118.7891388,34.79807663,To Li County,Overland Route,2011-12-31 13:15,"December 31st, 11 BC"
17,118.7930679,34.8012085,To Li County,Overland Route,2011-12-31 13:20,"December 31st, 11 BC"
16,118.7954636,34.80488968,To Li County,Overland Route,2011-12-31 13:25,"December 31st, 11 BC"
15,118.795845,34.80853653,To Li County,Overland Route,2011-12-31 13:30,"December 31st, 11 BC"
14,118.7946854,34.81249237,To Li County,Overland Route,2011-12-31 13:35,"December 31st, 11 BC"
13,118.7935486,34.81659698,To Li County,Overland Route,2011-12-31 13:40,"December 31st, 11 BC"
12,118.7910995,34.82027817,To Li County,Overland Route,2011-12-31 13:45,"December 31st, 11 BC"
11,118.7920914,34.8237915,To Li County,Overland Route,2011-12-31 13:50,"December 31st, 11 BC"
10,118.793129,34.82796097,To Li County,Overland Route,2011-12-31 13:55,"December 31st, 11 BC"
9,118.7949677,34.83184052,To Li County,Overland Route,2011-12-31 14:00,"December 31st, 11 BC"
8,118.7983322,34.83501816,To Li County,Overland Route,2011-12-31 14:05,"December 31st, 11 BC"
7,118.8011169,34.83826065,To Li County,Overland Route,2011-12-31 14:10,"December 31st, 11 BC"
6,118.803833,34.84182358,To Li County,Overland Route,2011-12-31 14:15,"December 31st, 11 BC"
5,118.8056641,34.84571075,To Li County,Overland Route,2011-12-31 14:20,"December 31st, 11 BC"
4,118.8087234,34.84915161,To Li County,Overland Route,2011-12-31 14:25,"December 31st, 11 BC"
3,118.8088074,34.85301208,To Li County,Overland Route,2011-12-31 14:30,"December 31st, 11 BC"
2,118.8089066,34.85752106,To Li County,Overland Route,2011-12-31 14:35,"December 31st, 11 BC"
1,118.8108826,34.86135483,To Li County,Overland Route,2011-12-31 14:40,"December 31st, 11 BC"
0,118.8108826,34.86135483,To Li County,Overland Route,2012-1-1 8:10,"January 1st, 10 BC"
135,118.8108826,34.86135483,To Linyi,Overland Route,2012-1-1 8:10,"January 1st, 10 BC"
134,118.8091736,34.86137772,To Linyi,Overland Route,2012-1-1 8:15,"January 1st, 10 BC"
133,118.8040848,34.86067581,To Linyi,Overland Route,2012-1-1 8:20,"January 1st, 10 BC"
132,118.7994003,34.86074448,To Linyi,Overland Route,2012-1-1 8:25,"January 1st, 10 BC"
131,118.7947006,34.85921097,To Linyi,Overland Route,2012-1-1 8:30,"January 1st, 10 BC"
130,118.7911682,34.85639954,To Linyi,Overland Route,2012-1-1 8:35,"January 1st, 10 BC"
129,118.7880325,34.85389328,To Linyi,Overland Route,2012-1-1 8:40,"January 1st, 10 BC"
128,118.7844925,34.85109329,To Linyi,Overland Route,2012-1-1 8:45,"January 1st, 10 BC"
127,118.7799072,34.8493309,To Linyi,Overland Route,2012-1-1 8:50,"January 1st, 10 BC"
126,118.7752533,34.85095978,To Linyi,Overland Route,2012-1-1 8:55,"January 1st, 10 BC"
125,118.770195,34.85181427,To Linyi,Overland Route,2012-1-1 9:00,"January 1st, 10 BC"
124,118.7664337,34.85406113,To Linyi,Overland Route,2012-1-1 9:05,"January 1st, 10 BC"
123,118.7614517,34.85506058,To Linyi,Overland Route,2012-1-1 9:10,"January 1st, 10 BC"
122,118.7567978,34.85668564,To Linyi,Overland Route,2012-1-1 9:15,"January 1st, 10 BC"
121,118.7524033,34.85730362,To Linyi,Overland Route,2012-1-1 9:20,"January 1st, 10 BC"
120,118.7479477,34.85573959,To Linyi,Overland Route,2012-1-1 9:25,"January 1st, 10 BC"
119,118.7430954,34.85454559,To Linyi,Overland Route,2012-1-1 9:30,"January 1st, 10 BC"
118,118.7379913,34.85531616,To Linyi,Overland Route,2012-1-1 9:35,"January 1st, 10 BC"
117,118.7337875,34.85779572,To Linyi,Overland Route,2012-1-1 9:40,"January 1st, 10 BC"
116,118.7292023,34.8580513,To Linyi,Overland Route,2012-1-1 9:45,"January 1st, 10 BC"
115,118.7267532,34.86173248,To Linyi,Overland Route,2012-1-1 9:50,"January 1st, 10 BC"
114,118.7217636,34.86095428,To Linyi,Overland Route,2012-1-1 9:55,"January 1st, 10 BC"
113,118.7170105,34.86115646,To Linyi,Overland Route,2012-1-1 10:00,"January 1st, 10 BC"
112,118.7119217,34.86044693,To Linyi,Overland Route,2012-1-1 10:05,"January 1st, 10 BC"
111,118.7068405,34.86125946,To Linyi,Overland Route,2012-1-1 10:10,"January 1st, 10 BC"
110,118.7027512,34.86395264,To Linyi,Overland Route,2012-1-1 10:15,"January 1st, 10 BC"
109,118.6996231,34.86741257,To Linyi,Overland Route,2012-1-1 10:20,"January 1st, 10 BC"
108,118.6962051,34.87032318,To Linyi,Overland Route,2012-1-1 10:25,"January 1st, 10 BC"
107,118.694519,34.87376404,To Linyi,Overland Route,2012-1-1 10:30,"January 1st, 10 BC"
106,118.6931915,34.87765503,To Linyi,Overland Route,2012-1-1 10:35,"January 1st, 10 BC"
105,118.6901627,34.88114929,To Linyi,Overland Route,2012-1-1 10:40,"January 1st, 10 BC"
104,118.6912003,34.88531876,To Linyi,Overland Route,2012-1-1 10:45,"January 1st, 10 BC"
103,118.6903229,34.88887024,To Linyi,Overland Route,2012-1-1 10:50,"January 1st, 10 BC"
102,118.6865845,34.89122391,To Linyi,Overland Route,2012-1-1 10:55,"January 1st, 10 BC"
101,118.683815,34.89480209,To Linyi,Overland Route,2012-1-1 11:00,"January 1st, 10 BC"
100,118.6820068,34.89868927,To Linyi,Overland Route,2012-1-1 11:05,"January 1st, 10 BC"
99,118.6830368,34.90285873,To Linyi,Overland Route,2012-1-1 11:10,"January 1st, 10 BC"
98,118.6806793,34.90657043,To Linyi,Overland Route,2012-1-1 11:15,"January 1st, 10 BC"
97,118.6775436,34.91002655,To Linyi,Overland Route,2012-1-1 11:20,"January 1st, 10 BC"
96,118.6741257,34.91294098,To Linyi,Overland Route,2012-1-1 11:25,"January 1st, 10 BC"
95,118.6696243,34.91485596,To Linyi,Overland Route,2012-1-1 11:30,"January 1st, 10 BC"
94,118.664772,34.91526794,To Linyi,Overland Route,2012-1-1 11:35,"January 1st, 10 BC"
93,118.6608353,34.91653442,To Linyi,Overland Route,2012-1-1 11:40,"January 1st, 10 BC"
92,118.6560898,34.91798782,To Linyi,Overland Route,2012-1-1 11:45,"January 1st, 10 BC"
91,118.6523819,34.92035294,To Linyi,Overland Route,2012-1-1 11:50,"January 1st, 10 BC"
90,118.650322,34.92416,To Linyi,Overland Route,2012-1-1 11:55,"January 1st, 10 BC"
89,118.6460648,34.92609787,To Linyi,Overland Route,2012-1-1 12:00,"January 1st, 10 BC"
88,118.6409988,34.92694473,To Linyi,Overland Route,2012-1-1 12:05,"January 1st, 10 BC"
87,118.6363068,34.92700958,To Linyi,Overland Route,2012-1-1 12:10,"January 1st, 10 BC"
86,118.6310196,34.92743301,To Linyi,Overland Route,2012-1-1 12:15,"January 1st, 10 BC"
85,118.6278915,34.93088913,To Linyi,Overland Route,2012-1-1 12:20,"January 1st, 10 BC"
84,118.6237946,34.93357849,To Linyi,Overland Route,2012-1-1 12:25,"January 1st, 10 BC"
83,118.6212158,34.93676376,To Linyi,Overland Route,2012-1-1 12:30,"January 1st, 10 BC"
82,118.6185837,34.94038773,To Linyi,Overland Route,2012-1-1 12:35,"January 1st, 10 BC"
81,118.6159134,34.94366074,To Linyi,Overland Route,2012-1-1 12:40,"January 1st, 10 BC"
80,118.6131821,34.94681549,To Linyi,Overland Route,2012-1-1 12:45,"January 1st, 10 BC"
79,118.6089325,34.94921494,To Linyi,Overland Route,2012-1-1 12:50,"January 1st, 10 BC"
78,118.6042709,34.95083618,To Linyi,Overland Route,2012-1-1 12:55,"January 1st, 10 BC"
77,118.6006088,34.95329285,To Linyi,Overland Route,2012-1-1 13:00,"January 1st, 10 BC"
76,118.6007233,34.95716476,To Linyi,Overland Route,2012-1-1 13:05,"January 1st, 10 BC"
75,118.5989532,34.96107101,To Linyi,Overland Route,2012-1-1 13:10,"January 1st, 10 BC"
74,118.5964737,34.96474075,To Linyi,Overland Route,2012-1-1 13:15,"January 1st, 10 BC"
73,118.5946884,34.96863556,To Linyi,Overland Route,2012-1-1 13:20,"January 1st, 10 BC"
72,118.5941162,34.97229004,To Linyi,Overland Route,2012-1-1 13:25,"January 1st, 10 BC"
71,118.5909805,34.97574615,To Linyi,Overland Route,2012-1-1 13:30,"January 1st, 10 BC"
70,118.5907822,34.97951889,To Linyi,Overland Route,2012-1-1 13:35,"January 1st, 10 BC"
69,118.5917511,34.98371124,To Linyi,Overland Route,2012-1-1 13:40,"January 1st, 10 BC"
68,118.5928421,34.98786163,To Linyi,Overland Route,2012-1-1 13:45,"January 1st, 10 BC"
67,118.592926,34.99236679,To Linyi,Overland Route,2012-1-1 13:50,"January 1st, 10 BC"
66,118.5901566,34.99594498,To Linyi,Overland Route,2012-1-1 13:55,"January 1st, 10 BC"
65,118.5872879,34.99948883,To Linyi,Overland Route,2012-1-1 14:00,"January 1st, 10 BC"
64,118.5841522,35.00294495,To Linyi,Overland Route,2012-1-1 14:05,"January 1st, 10 BC"
63,118.5794754,35.00453949,To Linyi,Overland Route,2012-1-1 14:10,"January 1st, 10 BC"
62,118.5761642,35.0079422,To Linyi,Overland Route,2012-1-1 14:15,"January 1st, 10 BC"
61,118.5743484,35.01182556,To Linyi,Overland Route,2012-1-1 14:20,"January 1st, 10 BC"
60,118.5774078,35.01527405,To Linyi,Overland Route,2012-1-1 14:25,"January 1st, 10 BC"
59,118.5792236,35.01916504,To Linyi,Overland Route,2012-1-1 14:30,"January 1st, 10 BC"
58,118.5773163,35.0230217,To Linyi,Overland Route,2012-1-1 14:35,"January 1st, 10 BC"
57,118.5736618,35.02585602,To Linyi,Overland Route,2012-1-1 14:40,"January 1st, 10 BC"
56,118.5733185,35.02958298,To Linyi,Overland Route,2012-1-1 14:45,"January 1st, 10 BC"
55,118.5719147,35.03360367,To Linyi,Overland Route,2012-1-1 14:50,"January 1st, 10 BC"
54,118.5704193,35.03759384,To Linyi,Overland Route,2012-1-1 14:55,"January 1st, 10 BC"
53,118.5663528,35.04029465,To Linyi,Overland Route,2012-1-1 15:00,"January 1st, 10 BC"
52,118.5635757,35.04387283,To Linyi,Overland Route,2012-1-1 15:05,"January 1st, 10 BC"
51,118.5620575,35.04785538,To Linyi,Overland Route,2012-1-1 15:10,"January 1st, 10 BC"
50,118.5589218,35.05131149,To Linyi,Overland Route,2012-1-1 15:15,"January 1st, 10 BC"
49,118.5542374,35.05290604,To Linyi,Overland Route,2012-1-1 15:20,"January 1st, 10 BC"
48,118.5514908,35.05648804,To Linyi,Overland Route,2012-1-1 15:25,"January 1st, 10 BC"
47,118.5470734,35.05714035,To Linyi,Overland Route,2012-1-1 15:30,"January 1st, 10 BC"
46,118.5421295,35.05772018,To Linyi,Overland Route,2012-1-1 15:35,"January 1st, 10 BC"
45,118.5386658,35.06056976,To Linyi,Overland Route,2012-1-1 15:40,"January 1st, 10 BC"
44,118.5351257,35.06326675,To Linyi,Overland Route,2012-1-1 15:45,"January 1st, 10 BC"
43,118.5317535,35.06636429,To Linyi,Overland Route,2012-1-1 15:50,"January 1st, 10 BC"
42,118.5279617,35.06806183,To Linyi,Overland Route,2012-1-1 15:55,"January 1st, 10 BC"
41,118.5261612,35.07195282,To Linyi,Overland Route,2012-1-1 16:00,"January 1st, 10 BC"
40,118.5220642,35.07464218,To Linyi,Overland Route,2012-1-1 16:05,"January 1st, 10 BC"
39,118.5205841,35.07799911,To Linyi,Overland Route,2012-1-1 16:10,"January 1st, 10 BC"
38,118.5183487,35.08175278,To Linyi,Overland Route,2012-1-1 16:15,"January 1st, 10 BC"
37,118.5158463,35.08535004,To Linyi,Overland Route,2012-1-1 16:20,"January 1st, 10 BC"
36,118.5107651,35.08619308,To Linyi,Overland Route,2012-1-1 16:25,"January 1st, 10 BC"
35,118.5062332,35.08806229,To Linyi,Overland Route,2012-1-1 16:30,"January 1st, 10 BC"
34,118.5051117,35.09217834,To Linyi,Overland Route,2012-1-1 16:35,"January 1st, 10 BC"
33,118.5007172,35.09431458,To Linyi,Overland Route,2012-1-1 16:40,"January 1st, 10 BC"
32,118.4963226,35.09645462,To Linyi,Overland Route,2012-1-1 16:45,"January 1st, 10 BC"
31,118.491272,35.09735489,To Linyi,Overland Route,2012-1-1 16:50,"January 1st, 10 BC"
30,118.4861984,35.09819794,To Linyi,Overland Route,2012-1-1 16:55,"January 1st, 10 BC"
29,118.4819794,35.10067749,To Linyi,Overland Route,2012-1-1 17:00,"January 1st, 10 BC"
28,118.4783554,35.1039772,To Linyi,Overland Route,2012-1-1 17:05,"January 1st, 10 BC"
27,118.4770432,35.10802841,To Linyi,Overland Route,2012-1-1 17:10,"January 1st, 10 BC"
26,118.4771423,35.11190033,To Linyi,Overland Route,2012-1-1 17:15,"January 1st, 10 BC"
25,118.4738159,35.11529541,To Linyi,Overland Route,2012-1-1 17:20,"January 1st, 10 BC"
24,118.4694061,35.11712265,To Linyi,Overland Route,2012-1-1 17:25,"January 1st, 10 BC"
23,118.46492,35.1190834,To Linyi,Overland Route,2012-1-1 17:30,"January 1st, 10 BC"
22,118.4605179,35.12121964,To Linyi,Overland Route,2012-1-1 17:35,"January 1st, 10 BC"
21,118.4578476,35.12482834,To Linyi,Overland Route,2012-1-1 17:40,"January 1st, 10 BC"
20,118.4579163,35.12869263,To Linyi,Overland Route,2012-1-1 17:45,"January 1st, 10 BC"
19,118.4579849,35.1325531,To Linyi,Overland Route,2012-1-1 17:50,"January 1st, 10 BC"
18,118.4571304,35.13675308,To Linyi,Overland Route,2012-1-1 17:55,"January 1st, 10 BC"
17,118.4533081,35.13998795,To Linyi,Overland Route,2012-1-1 18:00,"January 1st, 10 BC"
16,118.450531,35.14308929,To Linyi,Overland Route,2012-1-1 18:05,"January 1st, 10 BC"
15,118.445282,35.14360809,To Linyi,Overland Route,2012-1-1 18:10,"January 1st, 10 BC"
14,118.441185,35.14632034,To Linyi,Overland Route,2012-1-1 18:15,"January 1st, 10 BC"
13,118.4361038,35.14715958,To Linyi,Overland Route,2012-1-1 18:20,"January 1st, 10 BC"
12,118.4326553,35.1502037,To Linyi,Overland Route,2012-1-1 18:25,"January 1st, 10 BC"
11,118.4289322,35.15346909,To Linyi,Overland Route,2012-1-1 18:30,"January 1st, 10 BC"
10,118.425499,35.15637589,To Linyi,Overland Route,2012-1-1 18:35,"January 1st, 10 BC"
9,118.4210587,35.15644455,To Linyi,Overland Route,2012-1-1 18:40,"January 1st, 10 BC"
8,118.4170456,35.15830612,To Linyi,Overland Route,2012-1-1 18:45,"January 1st, 10 BC"
7,118.4122391,35.15966415,To Linyi,Overland Route,2012-1-1 18:50,"January 1st, 10 BC"
6,118.4081268,35.1623497,To Linyi,Overland Route,2012-1-1 18:55,"January 1st, 10 BC"
5,118.4082565,35.16622162,To Linyi,Overland Route,2012-1-1 19:00,"January 1st, 10 BC"
4,118.4073715,35.16933823,To Linyi,Overland Route,2012-1-1 19:05,"January 1st, 10 BC"
3,118.403923,35.17222977,To Linyi,Overland Route,2012-1-1 19:10,"January 1st, 10 BC"
2,118.4001999,35.17458344,To Linyi,Overland Route,2012-1-1 19:15,"January 1st, 10 BC"
1,118.39608,35.17726898,To Linyi,Overland Route,2012-1-1 19:20,"January 1st, 10 BC"
0,118.39608,35.17726898,Linyi,Overland Route,2012-1-1 19:20,"January 1st, 10 BC"
,118.39608,35.17726898,Linyi,Overland Route,2012-1-2 8:10,"January 2nd, 10 BC"
,118.39608,35.17726898,Linyi,Overland Route,2012-1-2 8:15,"January 2nd, 10 BC"
,118.39608,35.17726898,Linyi,Overland Route,2012-1-2 8:20,"January 2nd, 10 BC"
,118.39608,35.17726898,Linyi,Overland Route,2012-1-2 8:25,"January 2nd, 10 BC"
,118.39608,35.17726898,Linyi,Overland Route,2012-1-2 8:30,"January 2nd, 10 BC"
,118.39608,35.17726898,Linyi,Overland Route,2012-1-2 8:35,"January 2nd, 10 BC"
,118.39608,35.17726898,Linyi,Overland Route,2012-1-2 8:40,"January 2nd, 10 BC"
,118.39608,35.17726898,Linyi,Overland Route,2012-1-2 8:45,"January 2nd, 10 BC"
,118.39608,35.17726898,Linyi,Overland Route,2012-1-2 8:50,"January 2nd, 10 BC"
,118.39608,35.17726898,Linyi,Overland Route,2012-1-2 8:55,"January 2nd, 10 BC"
,118.39608,35.17726898,Linyi,Overland Route,2012-1-2 9:00,"January 2nd, 10 BC"
,118.39608,35.17726898,Linyi,Overland Route,2012-1-2 9:05,"January 2nd, 10 BC"
,118.39608,35.17726898,Linyi,Overland Route,2012-1-2 9:10,"January 2nd, 10 BC"
,118.39608,35.17726898,Linyi,Overland Route,2012-1-2 9:15,"January 2nd, 10 BC"
,118.39608,35.17726898,Linyi,Overland Route,2012-1-2 9:20,"January 2nd, 10 BC"
,118.39608,35.17726898,Linyi,Overland Route,2012-1-2 9:25,"January 2nd, 10 BC"
,118.39608,35.17726898,Linyi,Overland Route,2012-1-2 9:30,"January 2nd, 10 BC"
,118.39608,35.17726898,Linyi,Overland Route,2012-1-2 9:35,"January 2nd, 10 BC"
,118.39608,35.17726898,Linyi,Overland Route,2012-1-2 9:40,"January 2nd, 10 BC"
,118.39608,35.17726898,Linyi,Overland Route,2012-1-2 9:45,"January 2nd, 10 BC"
,118.39608,35.17726898,Linyi,Overland Route,2012-1-2 9:50,"January 2nd, 10 BC"
,118.39608,35.17726898,Linyi,Overland Route,2012-1-2 9:55,"January 2nd, 10 BC"
,118.39608,35.17726898,Linyi,Overland Route,2012-1-2 10:00,"January 2nd, 10 BC"
,118.39608,35.17726898,Linyi,Overland Route,2012-1-2 10:05,"January 2nd, 10 BC"
,118.39608,35.17726898,Linyi,Overland Route,2012-1-2 10:10,"January 2nd, 10 BC"
,118.39608,35.17726898,Linyi,Overland Route,2012-1-2 10:15,"January 2nd, 10 BC"
,118.39608,35.17726898,Linyi,Overland Route,2012-1-2 10:20,"January 2nd, 10 BC"
,118.39608,35.17726898,Linyi,Overland Route,2012-1-2 10:25,"January 2nd, 10 BC"
,118.39608,35.17726898,Linyi,Overland Route,2012-1-2 10:30,"January 2nd, 10 BC"
,118.39608,35.17726898,Linyi,Overland Route,2012-1-2 10:35,"January 2nd, 10 BC"
,118.39608,35.17726898,Linyi,Overland Route,2012-1-2 10:40,"January 2nd, 10 BC"
,118.39608,35.17726898,Linyi,Overland Route,2012-1-2 10:45,"January 2nd, 10 BC"
,118.39608,35.17726898,Linyi,Overland Route,2012-1-2 10:50,"January 2nd, 10 BC"
,118.39608,35.17726898,Linyi,Overland Route,2012-1-2 10:55,"January 2nd, 10 BC"
,118.39608,35.17726898,Linyi,Overland Route,2012-1-2 11:00,"January 2nd, 10 BC"
,118.39608,35.17726898,Linyi,Overland Route,2012-1-2 11:05,"January 2nd, 10 BC"
,118.39608,35.17726898,Linyi,Overland Route,2012-1-2 11:10,"January 2nd, 10 BC"
,118.39608,35.17726898,Linyi,Overland Route,2012-1-2 11:15,"January 2nd, 10 BC"
,118.39608,35.17726898,Linyi,Overland Route,2012-1-2 11:20,"January 2nd, 10 BC"
,118.39608,35.17726898,Linyi,Overland Route,2012-1-2 11:25,"January 2nd, 10 BC"
,118.39608,35.17726898,Linyi,Overland Route,2012-1-2 11:30,"January 2nd, 10 BC"
,118.39608,35.17726898,Linyi,Overland Route,2012-1-2 11:35,"January 2nd, 10 BC"
,118.39608,35.17726898,Linyi,Overland Route,2012-1-2 11:40,"January 2nd, 10 BC"
,118.39608,35.17726898,Linyi,Overland Route,2012-1-2 11:45,"January 2nd, 10 BC"
,118.39608,35.17726898,Linyi,Overland Route,2012-1-2 11:50,"January 2nd, 10 BC"
,118.39608,35.17726898,Linyi,Overland Route,2012-1-2 11:55,"January 2nd, 10 BC"
,118.39608,35.17726898,Linyi,Overland Route,2012-1-2 12:00,"January 2nd, 10 BC"
,118.39608,35.17726898,Linyi,Overland Route,2012-1-2 12:05,"January 2nd, 10 BC"
,118.39608,35.17726898,Linyi,Overland Route,2012-1-2 12:10,"January 2nd, 10 BC"
,118.39608,35.17726898,Linyi,Overland Route,2012-1-2 12:15,"January 2nd, 10 BC"
,118.39608,35.17726898,Linyi,Overland Route,2012-1-2 12:20,"January 2nd, 10 BC"
,118.39608,35.17726898,Linyi,Overland Route,2012-1-2 12:25,"January 2nd, 10 BC"
,118.39608,35.17726898,Linyi,Overland Route,2012-1-2 12:30,"January 2nd, 10 BC"
,118.39608,35.17726898,Linyi,Overland Route,2012-1-2 12:35,"January 2nd, 10 BC"
,118.39608,35.17726898,Linyi,Overland Route,2012-1-2 12:40,"January 2nd, 10 BC"
,118.39608,35.17726898,Linyi,Overland Route,2012-1-2 12:45,"January 2nd, 10 BC"
,118.39608,35.17726898,Linyi,Overland Route,2012-1-2 12:50,"January 2nd, 10 BC"
,118.39608,35.17726898,Linyi,Overland Route,2012-1-2 12:55,"January 2nd, 10 BC"
,118.39608,35.17726898,Linyi,Overland Route,2012-1-2 13:00,"January 2nd, 10 BC"
,118.39608,35.17726898,Linyi,Overland Route,2012-1-2 13:05,"January 2nd, 10 BC"
,118.39608,35.17726898,Linyi,Overland Route,2012-1-2 13:10,"January 2nd, 10 BC"
,118.39608,35.17726898,Linyi,Overland Route,2012-1-2 13:15,"January 2nd, 10 BC"
,118.39608,35.17726898,Linyi,Overland Route,2012-1-2 13:20,"January 2nd, 10 BC"
,118.39608,35.17726898,Linyi,Overland Route,2012-1-2 13:25,"January 2nd, 10 BC"
,118.39608,35.17726898,Linyi,Overland Route,2012-1-2 13:30,"January 2nd, 10 BC"
,118.39608,35.17726898,Linyi,Overland Route,2012-1-2 13:35,"January 2nd, 10 BC"
,118.39608,35.17726898,Linyi,Overland Route,2012-1-2 13:40,"January 2nd, 10 BC"
,118.39608,35.17726898,Linyi,Overland Route,2012-1-2 13:45,"January 2nd, 10 BC"
,118.39608,35.17726898,Linyi,Overland Route,2012-1-2 13:50,"January 2nd, 10 BC"
,118.39608,35.17726898,Linyi,Overland Route,2012-1-2 13:55,"January 2nd, 10 BC"
,118.39608,35.17726898,Linyi,Overland Route,2012-1-2 14:00,"January 2nd, 10 BC"
,118.39608,35.17726898,Linyi,Overland Route,2012-1-2 14:05,"January 2nd, 10 BC"
,118.39608,35.17726898,Linyi,Overland Route,2012-1-2 14:10,"January 2nd, 10 BC"
,118.39608,35.17726898,Linyi,Overland Route,2012-1-2 14:15,"January 2nd, 10 BC"
,118.39608,35.17726898,Linyi,Overland Route,2012-1-2 14:20,"January 2nd, 10 BC"
,118.39608,35.17726898,Linyi,Overland Route,2012-1-2 14:25,"January 2nd, 10 BC"
,118.39608,35.17726898,Linyi,Overland Route,2012-1-2 14:30,"January 2nd, 10 BC"
,118.39608,35.17726898,Linyi,Overland Route,2012-1-2 14:35,"January 2nd, 10 BC"
,118.39608,35.17726898,Linyi,Overland Route,2012-1-2 14:40,"January 2nd, 10 BC"
,118.39608,35.17726898,Linyi,Overland Route,2012-1-2 14:45,"January 2nd, 10 BC"
,118.39608,35.17726898,Linyi,Overland Route,2012-1-2 14:50,"January 2nd, 10 BC"
,118.39608,35.17726898,Linyi,Overland Route,2012-1-2 14:55,"January 2nd, 10 BC"
,118.39608,35.17726898,Linyi,Overland Route,2012-1-2 15:00,"January 2nd, 10 BC"
,118.39608,35.17726898,Linyi,Overland Route,2012-1-2 15:05,"January 2nd, 10 BC"
,118.39608,35.17726898,Linyi,Overland Route,2012-1-2 15:10,"January 2nd, 10 BC"
,118.39608,35.17726898,Linyi,Overland Route,2012-1-2 15:15,"January 2nd, 10 BC"
,118.39608,35.17726898,Linyi,Overland Route,2012-1-2 15:20,"January 2nd, 10 BC"
,118.39608,35.17726898,Linyi,Overland Route,2012-1-2 15:25,"January 2nd, 10 BC"
,118.39608,35.17726898,Linyi,Overland Route,2012-1-2 15:30,"January 2nd, 10 BC"
,118.39608,35.17726898,Linyi,Overland Route,2012-1-2 15:35,"January 2nd, 10 BC"
,118.39608,35.17726898,Linyi,Overland Route,2012-1-2 15:40,"January 2nd, 10 BC"
,118.39608,35.17726898,Linyi,Overland Route,2012-1-2 15:45,"January 2nd, 10 BC"
,118.39608,35.17726898,Linyi,Overland Route,2012-1-2 15:50,"January 2nd, 10 BC"
,118.39608,35.17726898,Linyi,Overland Route,2012-1-2 15:55,"January 2nd, 10 BC"
,118.39608,35.17726898,Linyi,Overland Route,2012-1-2 16:00,"January 2nd, 10 BC"
,118.39608,35.17726898,Linyi,Overland Route,2012-1-2 16:05,"January 2nd, 10 BC"
,118.39608,35.17726898,Linyi,Overland Route,2012-1-2 16:10,"January 2nd, 10 BC"
,118.39608,35.17726898,Linyi,Overland Route,2012-1-2 16:15,"January 2nd, 10 BC"
,118.39608,35.17726898,Linyi,Overland Route,2012-1-2 16:20,"January 2nd, 10 BC"
,118.39608,35.17726898,Linyi,Overland Route,2012-1-2 16:25,"January 2nd, 10 BC"
,118.39608,35.17726898,Linyi,Overland Route,2012-1-2 16:30,"January 2nd, 10 BC"
,118.39608,35.17726898,Linyi,Overland Route,2012-1-2 16:35,"January 2nd, 10 BC"
,118.39608,35.17726898,Linyi,Overland Route,2012-1-2 16:40,"January 2nd, 10 BC"
,118.39608,35.17726898,Linyi,Overland Route,2012-1-2 16:45,"January 2nd, 10 BC"
,118.39608,35.17726898,Linyi,Overland Route,2012-1-2 16:50,"January 2nd, 10 BC"
,118.39608,35.17726898,Linyi,Overland Route,2012-1-2 16:55,"January 2nd, 10 BC"
,118.39608,35.17726898,Linyi,Overland Route,2012-1-2 17:00,"January 2nd, 10 BC"
,118.39608,35.17726898,Linyi,Overland Route,2012-1-2 17:05,"January 2nd, 10 BC"
,118.39608,35.17726898,Linyi,Overland Route,2012-1-2 17:10,"January 2nd, 10 BC"
,118.39608,35.17726898,Linyi,Overland Route,2012-1-2 17:15,"January 2nd, 10 BC"
,118.39608,35.17726898,Linyi,Overland Route,2012-1-2 17:20,"January 2nd, 10 BC"
,118.39608,35.17726898,Linyi,Overland Route,2012-1-2 17:25,"January 2nd, 10 BC"
,118.39608,35.17726898,Linyi,Overland Route,2012-1-2 17:30,"January 2nd, 10 BC"
,118.39608,35.17726898,Linyi,Overland Route,2012-1-2 17:35,"January 2nd, 10 BC"
,118.39608,35.17726898,Linyi,Overland Route,2012-1-2 17:40,"January 2nd, 10 BC"
,118.39608,35.17726898,Linyi,Overland Route,2012-1-2 17:45,"January 2nd, 10 BC"
,118.39608,35.17726898,Linyi,Overland Route,2012-1-2 17:50,"January 2nd, 10 BC"
,118.39608,35.17726898,Linyi,Overland Route,2012-1-2 17:55,"January 2nd, 10 BC"
,118.39608,35.17726898,Linyi,Overland Route,2012-1-2 18:00,"January 2nd, 10 BC"
,118.39608,35.17726898,Linyi,Overland Route,2012-1-2 18:05,"January 2nd, 10 BC"
,118.39608,35.17726898,Linyi,Overland Route,2012-1-2 18:10,"January 2nd, 10 BC"
,118.39608,35.17726898,Linyi,Overland Route,2012-1-2 18:15,"January 2nd, 10 BC"
,118.39608,35.17726898,Linyi,Overland Route,2012-1-2 18:20,"January 2nd, 10 BC"
,118.39608,35.17726898,Linyi,Overland Route,2012-1-2 18:25,"January 2nd, 10 BC"
,118.39608,35.17726898,Linyi,Overland Route,2012-1-2 18:30,"January 2nd, 10 BC"
,118.39608,35.17726898,Linyi,Overland Route,2012-1-2 18:35,"January 2nd, 10 BC"
,118.39608,35.17726898,Linyi,Overland Route,2012-1-2 18:40,"January 2nd, 10 BC"
,118.39608,35.17726898,Linyi,Overland Route,2012-1-2 18:45,"January 2nd, 10 BC"
,118.39608,35.17726898,Linyi,Overland Route,2012-1-2 18:50,"January 2nd, 10 BC"
,118.39608,35.17726898,Linyi,Overland Route,2012-1-2 18:55,"January 2nd, 10 BC"
,118.3998108,35.17870712,Linyi,Overland Route,2012-1-3 8:10,"January 3rd, 10 BC"
130,118.3998108,35.17870712,To Gaoyang,Overland Route,2012-1-3 8:10,"January 3rd, 10 BC"
129,118.3991776,35.18281937,To Gaoyang,Overland Route,2012-1-3 8:15,"January 3rd, 10 BC"
128,118.4012146,35.18598175,To Gaoyang,Overland Route,2012-1-3 8:20,"January 3rd, 10 BC"
127,118.4038162,35.18959808,To Gaoyang,Overland Route,2012-1-3 8:25,"January 3rd, 10 BC"
126,118.4085159,35.19116592,To Gaoyang,Overland Route,2012-1-3 8:30,"January 3rd, 10 BC"
125,118.4132843,35.19122696,To Gaoyang,Overland Route,2012-1-3 8:35,"January 3rd, 10 BC"
124,118.417923,35.1910553,To Gaoyang,Overland Route,2012-1-3 8:40,"January 3rd, 10 BC"
123,118.4226532,35.19255829,To Gaoyang,Overland Route,2012-1-3 8:45,"January 3rd, 10 BC"
122,118.42733,35.19094467,To Gaoyang,Overland Route,2012-1-3 8:50,"January 3rd, 10 BC"
121,118.4321442,35.19066238,To Gaoyang,Overland Route,2012-1-3 8:55,"January 3rd, 10 BC"
120,118.436348,35.1931076,To Gaoyang,Overland Route,2012-1-3 9:00,"January 3rd, 10 BC"
119,118.4404755,35.19115829,To Gaoyang,Overland Route,2012-1-3 9:05,"January 3rd, 10 BC"
118,118.4449539,35.18995667,To Gaoyang,Overland Route,2012-1-3 9:10,"January 3rd, 10 BC"
117,118.4498672,35.18880081,To Gaoyang,Overland Route,2012-1-3 9:15,"January 3rd, 10 BC"
116,118.4543304,35.18828201,To Gaoyang,Overland Route,2012-1-3 9:20,"January 3rd, 10 BC"
115,118.4593048,35.18874359,To Gaoyang,Overland Route,2012-1-3 9:25,"January 3rd, 10 BC"
114,118.4637375,35.18817139,To Gaoyang,Overland Route,2012-1-3 9:30,"January 3rd, 10 BC"
113,118.4684143,35.18655396,To Gaoyang,Overland Route,2012-1-3 9:35,"January 3rd, 10 BC"
112,118.4738998,35.18648529,To Gaoyang,Overland Route,2012-1-3 9:40,"January 3rd, 10 BC"
111,118.4786301,35.18798828,To Gaoyang,Overland Route,2012-1-3 9:45,"January 3rd, 10 BC"
110,118.4829254,35.19040298,To Gaoyang,Overland Route,2012-1-3 9:50,"January 3rd, 10 BC"
109,118.4864655,35.19322205,To Gaoyang,Overland Route,2012-1-3 9:55,"January 3rd, 10 BC"
108,118.4917374,35.19298553,To Gaoyang,Overland Route,2012-1-3 10:00,"January 3rd, 10 BC"
107,118.4952621,35.19485092,To Gaoyang,Overland Route,2012-1-3 10:05,"January 3rd, 10 BC"
106,118.5000076,35.19632339,To Gaoyang,Overland Route,2012-1-3 10:10,"January 3rd, 10 BC"
105,118.5038223,35.19858551,To Gaoyang,Overland Route,2012-1-3 10:15,"January 3rd, 10 BC"
104,118.5077591,35.20172882,To Gaoyang,Overland Route,2012-1-3 10:20,"January 3rd, 10 BC"
103,118.5115814,35.20396042,To Gaoyang,Overland Route,2012-1-3 10:25,"January 3rd, 10 BC"
102,118.5166626,35.20311737,To Gaoyang,Overland Route,2012-1-3 10:30,"January 3rd, 10 BC"
101,118.5215225,35.20183945,To Gaoyang,Overland Route,2012-1-3 10:35,"January 3rd, 10 BC"
100,118.5264206,35.20065689,To Gaoyang,Overland Route,2012-1-3 10:40,"January 3rd, 10 BC"
99,118.5311584,35.20215607,To Gaoyang,Overland Route,2012-1-3 10:45,"January 3rd, 10 BC"
98,118.5351791,35.2051239,To Gaoyang,Overland Route,2012-1-3 10:50,"January 3rd, 10 BC"
97,118.5389328,35.20751572,To Gaoyang,Overland Route,2012-1-3 10:55,"January 3rd, 10 BC"
96,118.5431366,35.20651627,To Gaoyang,Overland Route,2012-1-3 11:00,"January 3rd, 10 BC"
95,118.5478973,35.20506287,To Gaoyang,Overland Route,2012-1-3 11:05,"January 3rd, 10 BC"
94,118.5526047,35.20500183,To Gaoyang,Overland Route,2012-1-3 11:10,"January 3rd, 10 BC"
93,118.5573349,35.20650101,To Gaoyang,Overland Route,2012-1-3 11:15,"January 3rd, 10 BC"
92,118.5628281,35.20643234,To Gaoyang,Overland Route,2012-1-3 11:20,"January 3rd, 10 BC"
91,118.5681305,35.20675659,To Gaoyang,Overland Route,2012-1-3 11:25,"January 3rd, 10 BC"
90,118.5723114,35.20795441,To Gaoyang,Overland Route,2012-1-3 11:30,"January 3rd, 10 BC"
89,118.5761948,35.207798,To Gaoyang,Overland Route,2012-1-3 11:35,"January 3rd, 10 BC"
88,118.580368,35.20826721,To Gaoyang,Overland Route,2012-1-3 11:40,"January 3rd, 10 BC"
87,118.5852127,35.20848083,To Gaoyang,Overland Route,2012-1-3 11:45,"January 3rd, 10 BC"
86,118.5901108,35.20964432,To Gaoyang,Overland Route,2012-1-3 11:50,"January 3rd, 10 BC"
85,118.5950623,35.21068954,To Gaoyang,Overland Route,2012-1-3 11:55,"January 3rd, 10 BC"
84,118.5991287,35.21321487,To Gaoyang,Overland Route,2012-1-3 12:00,"January 3rd, 10 BC"
83,118.6026154,35.21651459,To Gaoyang,Overland Route,2012-1-3 12:05,"January 3rd, 10 BC"
82,118.6079559,35.21675873,To Gaoyang,Overland Route,2012-1-3 12:10,"January 3rd, 10 BC"
81,118.6123123,35.21903992,To Gaoyang,Overland Route,2012-1-3 12:15,"January 3rd, 10 BC"
80,118.6170425,35.22053909,To Gaoyang,Overland Route,2012-1-3 12:20,"January 3rd, 10 BC"
79,118.6221466,35.22128296,To Gaoyang,Overland Route,2012-1-3 12:25,"January 3rd, 10 BC"
78,118.626091,35.22441864,To Gaoyang,Overland Route,2012-1-3 12:30,"January 3rd, 10 BC"
77,118.6296387,35.22723389,To Gaoyang,Overland Route,2012-1-3 12:35,"January 3rd, 10 BC"
76,118.6322479,35.23084641,To Gaoyang,Overland Route,2012-1-3 12:40,"January 3rd, 10 BC"
75,118.6352997,35.23355103,To Gaoyang,Overland Route,2012-1-3 12:45,"January 3rd, 10 BC"
74,118.6396103,35.23592377,To Gaoyang,Overland Route,2012-1-3 12:50,"January 3rd, 10 BC"
73,118.6376724,35.23920059,To Gaoyang,Overland Route,2012-1-3 12:55,"January 3rd, 10 BC"
72,118.6404724,35.24274445,To Gaoyang,Overland Route,2012-1-3 13:00,"January 3rd, 10 BC"
71,118.6454849,35.24345016,To Gaoyang,Overland Route,2012-1-3 13:05,"January 3rd, 10 BC"
70,118.6492767,35.24435806,To Gaoyang,Overland Route,2012-1-3 13:10,"January 3rd, 10 BC"
69,118.6527405,35.2473526,To Gaoyang,Overland Route,2012-1-3 13:15,"January 3rd, 10 BC"
68,118.6578522,35.24806595,To Gaoyang,Overland Route,2012-1-3 13:20,"January 3rd, 10 BC"
67,118.6628571,35.24900055,To Gaoyang,Overland Route,2012-1-3 13:25,"January 3rd, 10 BC"
66,118.6673279,35.25105286,To Gaoyang,Overland Route,2012-1-3 13:30,"January 3rd, 10 BC"
65,118.6718292,35.25304413,To Gaoyang,Overland Route,2012-1-3 13:35,"January 3rd, 10 BC"
64,118.6751022,35.25642014,To Gaoyang,Overland Route,2012-1-3 13:40,"January 3rd, 10 BC"
63,118.6777267,35.26002502,To Gaoyang,Overland Route,2012-1-3 13:45,"January 3rd, 10 BC"
62,118.6803436,35.26363373,To Gaoyang,Overland Route,2012-1-3 13:50,"January 3rd, 10 BC"
61,118.683876,35.26691437,To Gaoyang,Overland Route,2012-1-3 13:55,"January 3rd, 10 BC"
60,118.6855774,35.27084732,To Gaoyang,Overland Route,2012-1-3 14:00,"January 3rd, 10 BC"
59,118.6849899,35.27494431,To Gaoyang,Overland Route,2012-1-3 14:05,"January 3rd, 10 BC"
58,118.6860275,35.27911377,To Gaoyang,Overland Route,2012-1-3 14:10,"January 3rd, 10 BC"
57,118.6861801,35.28359985,To Gaoyang,Overland Route,2012-1-3 14:15,"January 3rd, 10 BC"
56,118.6896362,35.28662109,To Gaoyang,Overland Route,2012-1-3 14:20,"January 3rd, 10 BC"
55,118.6910248,35.29049683,To Gaoyang,Overland Route,2012-1-3 14:25,"January 3rd, 10 BC"
54,118.6930084,35.2943306,To Gaoyang,Overland Route,2012-1-3 14:30,"January 3rd, 10 BC"
53,118.6949844,35.29816437,To Gaoyang,Overland Route,2012-1-3 14:35,"January 3rd, 10 BC"
52,118.6968689,35.30203629,To Gaoyang,Overland Route,2012-1-3 14:40,"January 3rd, 10 BC"
51,118.7008286,35.30470276,To Gaoyang,Overland Route,2012-1-3 14:45,"January 3rd, 10 BC"
50,118.7018738,35.30887222,To Gaoyang,Overland Route,2012-1-3 14:50,"January 3rd, 10 BC"
49,118.7043228,35.31254196,To Gaoyang,Overland Route,2012-1-3 14:55,"January 3rd, 10 BC"
48,118.7078781,35.31535339,To Gaoyang,Overland Route,2012-1-3 15:00,"January 3rd, 10 BC"
47,118.7122726,35.31594086,To Gaoyang,Overland Route,2012-1-3 15:05,"January 3rd, 10 BC"
46,118.7168198,35.31783676,To Gaoyang,Overland Route,2012-1-3 15:10,"January 3rd, 10 BC"
45,118.7192688,35.3215065,To Gaoyang,Overland Route,2012-1-3 15:15,"January 3rd, 10 BC"
44,118.7212524,35.32534027,To Gaoyang,Overland Route,2012-1-3 15:20,"January 3rd, 10 BC"
43,118.7220078,35.32960892,To Gaoyang,Overland Route,2012-1-3 15:25,"January 3rd, 10 BC"
42,118.7252121,35.33255005,To Gaoyang,Overland Route,2012-1-3 15:30,"January 3rd, 10 BC"
41,118.7291183,35.3352356,To Gaoyang,Overland Route,2012-1-3 15:35,"January 3rd, 10 BC"
40,118.7284622,35.33889008,To Gaoyang,Overland Route,2012-1-3 15:40,"January 3rd, 10 BC"
39,118.7298889,35.34274292,To Gaoyang,Overland Route,2012-1-3 15:45,"January 3rd, 10 BC"
38,118.7312241,35.34680939,To Gaoyang,Overland Route,2012-1-3 15:50,"January 3rd, 10 BC"
37,118.7294006,35.35069656,To Gaoyang,Overland Route,2012-1-3 15:55,"January 3rd, 10 BC"
36,118.7304459,35.35486603,To Gaoyang,Overland Route,2012-1-3 16:00,"January 3rd, 10 BC"
35,118.7286148,35.35829544,To Gaoyang,Overland Route,2012-1-3 16:05,"January 3rd, 10 BC"
34,118.7296524,35.3624649,To Gaoyang,Overland Route,2012-1-3 16:10,"January 3rd, 10 BC"
33,118.7278366,35.3663559,To Gaoyang,Overland Route,2012-1-3 16:15,"January 3rd, 10 BC"
32,118.7307663,35.36985016,To Gaoyang,Overland Route,2012-1-3 16:20,"January 3rd, 10 BC"
31,118.7318039,35.37401962,To Gaoyang,Overland Route,2012-1-3 16:25,"January 3rd, 10 BC"
30,118.7327194,35.37814713,To Gaoyang,Overland Route,2012-1-3 16:30,"January 3rd, 10 BC"
29,118.7324524,35.38156891,To Gaoyang,Overland Route,2012-1-3 16:35,"January 3rd, 10 BC"
28,118.7366791,35.38414383,To Gaoyang,Overland Route,2012-1-3 16:40,"January 3rd, 10 BC"
27,118.7387695,35.38793945,To Gaoyang,Overland Route,2012-1-3 16:45,"January 3rd, 10 BC"
26,118.7398148,35.39210892,To Gaoyang,Overland Route,2012-1-3 16:50,"January 3rd, 10 BC"
25,118.7432175,35.39543915,To Gaoyang,Overland Route,2012-1-3 16:55,"January 3rd, 10 BC"
24,118.7470398,35.39769745,To Gaoyang,Overland Route,2012-1-3 17:00,"January 3rd, 10 BC"
23,118.7503357,35.40106583,To Gaoyang,Overland Route,2012-1-3 17:05,"January 3rd, 10 BC"
22,118.7529526,35.40467072,To Gaoyang,Overland Route,2012-1-3 17:10,"January 3rd, 10 BC"
21,118.7574539,35.4066925,To Gaoyang,Overland Route,2012-1-3 17:15,"January 3rd, 10 BC"
20,118.7602081,35.41025162,To Gaoyang,Overland Route,2012-1-3 17:20,"January 3rd, 10 BC"
19,118.7601242,35.41416931,To Gaoyang,Overland Route,2012-1-3 17:25,"January 3rd, 10 BC"
18,118.7632294,35.41760635,To Gaoyang,Overland Route,2012-1-3 17:30,"January 3rd, 10 BC"
17,118.7633209,35.42211151,To Gaoyang,Overland Route,2012-1-3 17:35,"January 3rd, 10 BC"
16,118.7605438,35.4256897,To Gaoyang,Overland Route,2012-1-3 17:40,"January 3rd, 10 BC"
15,118.7596664,35.42924118,To Gaoyang,Overland Route,2012-1-3 17:45,"January 3rd, 10 BC"
14,118.758461,35.43332672,To Gaoyang,Overland Route,2012-1-3 17:50,"January 3rd, 10 BC"
13,118.7559967,35.4370079,To Gaoyang,Overland Route,2012-1-3 17:55,"January 3rd, 10 BC"
12,118.7551498,35.44057083,To Gaoyang,Overland Route,2012-1-3 18:00,"January 3rd, 10 BC"
11,118.7571411,35.44440079,To Gaoyang,Overland Route,2012-1-3 18:05,"January 3rd, 10 BC"
10,118.757225,35.44826126,To Gaoyang,Overland Route,2012-1-3 18:10,"January 3rd, 10 BC"
9,118.7585373,35.45122528,To Gaoyang,Overland Route,2012-1-3 18:15,"January 3rd, 10 BC"
8,118.7614288,35.45427704,To Gaoyang,Overland Route,2012-1-3 18:20,"January 3rd, 10 BC"
7,118.7641068,35.45786285,To Gaoyang,Overland Route,2012-1-3 18:25,"January 3rd, 10 BC"
6,118.7614288,35.46107864,To Gaoyang,Overland Route,2012-1-3 18:30,"January 3rd, 10 BC"
5,118.7596054,35.46491241,To Gaoyang,Overland Route,2012-1-3 18:35,"January 3rd, 10 BC"
4,118.7578201,35.46881104,To Gaoyang,Overland Route,2012-1-3 18:40,"January 3rd, 10 BC"
3,118.7577667,35.47327042,To Gaoyang,Overland Route,2012-1-3 18:45,"January 3rd, 10 BC"
2,118.7578506,35.47713089,To Gaoyang,Overland Route,2012-1-3 18:50,"January 3rd, 10 BC"
1,118.7547455,35.48015213,To Gaoyang,Overland Route,2012-1-3 18:55,"January 3rd, 10 BC"
0,118.7503357,35.4822998,To Gaoyang,Overland Route,2012-1-4 6:10,"January 4th, 10 BC"
205,118.7503357,35.4822998,To Dongwu,Overland Route,2012-1-4 6:10,"January 4th, 10 BC"
204,118.7477188,35.48467636,To Dongwu,Overland Route,2012-1-4 6:15,"January 4th, 10 BC"
203,118.7451859,35.48824692,To Dongwu,Overland Route,2012-1-4 6:20,"January 4th, 10 BC"
202,118.7448349,35.49261093,To Dongwu,Overland Route,2012-1-4 6:25,"January 4th, 10 BC"
201,118.7439728,35.4968071,To Dongwu,Overland Route,2012-1-4 6:30,"January 4th, 10 BC"
200,118.744072,35.50131226,To Dongwu,Overland Route,2012-1-4 6:35,"January 4th, 10 BC"
199,118.7441711,35.50582123,To Dongwu,Overland Route,2012-1-4 6:40,"January 4th, 10 BC"
198,118.7471085,35.50931549,To Dongwu,Overland Route,2012-1-4 6:45,"January 4th, 10 BC"
197,118.7481155,35.5134964,To Dongwu,Overland Route,2012-1-4 6:50,"January 4th, 10 BC"
196,118.751091,35.51698303,To Dongwu,Overland Route,2012-1-4 6:55,"January 4th, 10 BC"
195,118.7533722,35.52070999,To Dongwu,Overland Route,2012-1-4 7:00,"January 4th, 10 BC"
194,118.7569504,35.52351761,To Dongwu,Overland Route,2012-1-4 7:05,"January 4th, 10 BC"
193,118.7614365,35.52554321,To Dongwu,Overland Route,2012-1-4 7:10,"January 4th, 10 BC"
192,118.7651215,35.52809906,To Dongwu,Overland Route,2012-1-4 7:15,"January 4th, 10 BC"
191,118.770256,35.52880478,To Dongwu,Overland Route,2012-1-4 7:20,"January 4th, 10 BC"
190,118.7724152,35.53249741,To Dongwu,Overland Route,2012-1-4 7:25,"January 4th, 10 BC"
189,118.7748947,35.5361557,To Dongwu,Overland Route,2012-1-4 7:30,"January 4th, 10 BC"
188,118.7785339,35.53881836,To Dongwu,Overland Route,2012-1-4 7:35,"January 4th, 10 BC"
187,118.7803879,35.54180145,To Dongwu,Overland Route,2012-1-4 7:40,"January 4th, 10 BC"
186,118.7814102,35.54589081,To Dongwu,Overland Route,2012-1-4 7:45,"January 4th, 10 BC"
185,118.7840424,35.5494957,To Dongwu,Overland Route,2012-1-4 7:50,"January 4th, 10 BC"
184,118.7840118,35.55382538,To Dongwu,Overland Route,2012-1-4 7:55,"January 4th, 10 BC"
183,118.7844238,35.55778885,To Dongwu,Overland Route,2012-1-4 8:00,"January 4th, 10 BC"
182,118.7860107,35.56176758,To Dongwu,Overland Route,2012-1-4 8:05,"January 4th, 10 BC"
181,118.7886429,35.56537247,To Dongwu,Overland Route,2012-1-4 8:10,"January 4th, 10 BC"
180,118.7904053,35.56928635,To Dongwu,Overland Route,2012-1-4 8:15,"January 4th, 10 BC"
179,118.7914581,35.57345581,To Dongwu,Overland Route,2012-1-4 8:20,"January 4th, 10 BC"
178,118.7924881,35.57697678,To Dongwu,Overland Route,2012-1-4 8:25,"January 4th, 10 BC"
177,118.7961884,35.57974243,To Dongwu,Overland Route,2012-1-4 8:30,"January 4th, 10 BC"
176,118.7983627,35.58351135,To Dongwu,Overland Route,2012-1-4 8:35,"January 4th, 10 BC"
175,118.7974701,35.58769608,To Dongwu,Overland Route,2012-1-4 8:40,"January 4th, 10 BC"
174,118.7975845,35.59156799,To Dongwu,Overland Route,2012-1-4 8:45,"January 4th, 10 BC"
173,118.7995453,35.59541321,To Dongwu,Overland Route,2012-1-4 8:50,"January 4th, 10 BC"
172,118.800415,35.59949875,To Dongwu,Overland Route,2012-1-4 8:55,"January 4th, 10 BC"
171,118.7978439,35.60314941,To Dongwu,Overland Route,2012-1-4 9:00,"January 4th, 10 BC"
170,118.8007813,35.60618591,To Dongwu,Overland Route,2012-1-4 9:05,"January 4th, 10 BC"
169,118.8019409,35.61031342,To Dongwu,Overland Route,2012-1-4 9:10,"January 4th, 10 BC"
168,118.8047714,35.61384964,To Dongwu,Overland Route,2012-1-4 9:15,"January 4th, 10 BC"
167,118.8039093,35.61804581,To Dongwu,Overland Route,2012-1-4 9:20,"January 4th, 10 BC"
166,118.8027725,35.62169266,To Dongwu,Overland Route,2012-1-4 9:25,"January 4th, 10 BC"
165,118.8054047,35.62529755,To Dongwu,Overland Route,2012-1-4 9:30,"January 4th, 10 BC"
164,118.8079758,35.62892532,To Dongwu,Overland Route,2012-1-4 9:35,"January 4th, 10 BC"
163,118.8102722,35.6321907,To Dongwu,Overland Route,2012-1-4 9:40,"January 4th, 10 BC"
162,118.8155365,35.63263702,To Dongwu,Overland Route,2012-1-4 9:45,"January 4th, 10 BC"
161,118.8195572,35.63566589,To Dongwu,Overland Route,2012-1-4 9:50,"January 4th, 10 BC"
160,118.8208542,35.63974762,To Dongwu,Overland Route,2012-1-4 9:55,"January 4th, 10 BC"
159,118.8235779,35.64286041,To Dongwu,Overland Route,2012-1-4 10:00,"January 4th, 10 BC"
158,118.8246231,35.64702988,To Dongwu,Overland Route,2012-1-4 10:05,"January 4th, 10 BC"
157,118.8270187,35.6507225,To Dongwu,Overland Route,2012-1-4 10:10,"January 4th, 10 BC"
156,118.8317947,35.65217972,To Dongwu,Overland Route,2012-1-4 10:15,"January 4th, 10 BC"
155,118.833107,35.65603256,To Dongwu,Overland Route,2012-1-4 10:20,"January 4th, 10 BC"
154,118.8316116,35.66003036,To Dongwu,Overland Route,2012-1-4 10:25,"January 4th, 10 BC"
153,118.8336105,35.66386032,To Dongwu,Overland Route,2012-1-4 10:30,"January 4th, 10 BC"
152,118.8327484,35.66805649,To Dongwu,Overland Route,2012-1-4 10:35,"January 4th, 10 BC"
151,118.835701,35.67155075,To Dongwu,Overland Route,2012-1-4 10:40,"January 4th, 10 BC"
150,118.8387985,35.67453003,To Dongwu,Overland Route,2012-1-4 10:45,"January 4th, 10 BC"
149,118.8433075,35.67654419,To Dongwu,Overland Route,2012-1-4 10:50,"January 4th, 10 BC"
148,118.8464813,35.679039,To Dongwu,Overland Route,2012-1-4 10:55,"January 4th, 10 BC"
147,118.8516617,35.67965698,To Dongwu,Overland Route,2012-1-4 11:00,"January 4th, 10 BC"
146,118.8560028,35.68151093,To Dongwu,Overland Route,2012-1-4 11:05,"January 4th, 10 BC"
145,118.8560867,35.6853714,To Dongwu,Overland Route,2012-1-4 11:10,"January 4th, 10 BC"
144,118.8592682,35.68832016,To Dongwu,Overland Route,2012-1-4 11:15,"January 4th, 10 BC"
143,118.861908,35.69192505,To Dongwu,Overland Route,2012-1-4 11:20,"January 4th, 10 BC"
142,118.8626404,35.69555664,To Dongwu,Overland Route,2012-1-4 11:25,"January 4th, 10 BC"
141,118.8633652,35.69918823,To Dongwu,Overland Route,2012-1-4 11:30,"January 4th, 10 BC"
140,118.8676147,35.70175934,To Dongwu,Overland Route,2012-1-4 11:35,"January 4th, 10 BC"
139,118.8718567,35.70427322,To Dongwu,Overland Route,2012-1-4 11:40,"January 4th, 10 BC"
138,118.8760223,35.70313263,To Dongwu,Overland Route,2012-1-4 11:45,"January 4th, 10 BC"
137,118.8805161,35.70423508,To Dongwu,Overland Route,2012-1-4 11:50,"January 4th, 10 BC"
136,118.881485,35.70843124,To Dongwu,Overland Route,2012-1-4 11:55,"January 4th, 10 BC"
135,118.8844376,35.71192551,To Dongwu,Overland Route,2012-1-4 12:00,"January 4th, 10 BC"
134,118.8850784,35.71623611,To Dongwu,Overland Route,2012-1-4 12:05,"January 4th, 10 BC"
133,118.8883896,35.71960068,To Dongwu,Overland Route,2012-1-4 12:10,"January 4th, 10 BC"
132,118.8923264,35.72228241,To Dongwu,Overland Route,2012-1-4 12:15,"January 4th, 10 BC"
131,118.8939438,35.72624969,To Dongwu,Overland Route,2012-1-4 12:20,"January 4th, 10 BC"
130,118.8972549,35.72961426,To Dongwu,Overland Route,2012-1-4 12:25,"January 4th, 10 BC"
129,118.9023056,35.73051453,To Dongwu,Overland Route,2012-1-4 12:30,"January 4th, 10 BC"
128,118.9067841,35.7326088,To Dongwu,Overland Route,2012-1-4 12:35,"January 4th, 10 BC"
127,118.909462,35.73612976,To Dongwu,Overland Route,2012-1-4 12:40,"January 4th, 10 BC"
126,118.9100952,35.740448,To Dongwu,Overland Route,2012-1-4 12:45,"January 4th, 10 BC"
125,118.912735,35.74405289,To Dongwu,Overland Route,2012-1-4 12:50,"January 4th, 10 BC"
124,118.9163208,35.7468605,To Dongwu,Overland Route,2012-1-4 12:55,"January 4th, 10 BC"
123,118.9178619,35.75020218,To Dongwu,Overland Route,2012-1-4 13:00,"January 4th, 10 BC"
122,118.9210358,35.75361633,To Dongwu,Overland Route,2012-1-4 13:05,"January 4th, 10 BC"
121,118.9236755,35.75721741,To Dongwu,Overland Route,2012-1-4 13:10,"January 4th, 10 BC"
120,118.92659,35.76026154,To Dongwu,Overland Route,2012-1-4 13:15,"January 4th, 10 BC"
119,118.9310684,35.76071548,To Dongwu,Overland Route,2012-1-4 13:20,"January 4th, 10 BC"
118,118.9344559,35.76359177,To Dongwu,Overland Route,2012-1-4 13:25,"January 4th, 10 BC"
117,118.937561,35.76656723,To Dongwu,Overland Route,2012-1-4 13:30,"January 4th, 10 BC"
116,118.9420853,35.76857758,To Dongwu,Overland Route,2012-1-4 13:35,"January 4th, 10 BC"
115,118.9449234,35.77177048,To Dongwu,Overland Route,2012-1-4 13:40,"January 4th, 10 BC"
114,118.9492111,35.7726326,To Dongwu,Overland Route,2012-1-4 13:45,"January 4th, 10 BC"
113,118.9527969,35.7754364,To Dongwu,Overland Route,2012-1-4 13:50,"January 4th, 10 BC"
112,118.9538574,35.77952194,To Dongwu,Overland Route,2012-1-4 13:55,"January 4th, 10 BC"
111,118.9513931,35.78320694,To Dongwu,Overland Route,2012-1-4 14:00,"January 4th, 10 BC"
110,118.9516373,35.78752899,To Dongwu,Overland Route,2012-1-4 14:05,"January 4th, 10 BC"
109,118.9530106,35.79138184,To Dongwu,Overland Route,2012-1-4 14:10,"January 4th, 10 BC"
108,118.954361,35.79499817,To Dongwu,Overland Route,2012-1-4 14:15,"January 4th, 10 BC"
107,118.9579315,35.7978096,To Dongwu,Overland Route,2012-1-4 14:20,"January 4th, 10 BC"
106,118.962204,35.80034256,To Dongwu,Overland Route,2012-1-4 14:25,"January 4th, 10 BC"
105,118.9650955,35.80342102,To Dongwu,Overland Route,2012-1-4 14:29,"January 4th, 10 BC"
104,118.9685669,35.80647659,To Dongwu,Overland Route,2012-1-4 14:34,"January 4th, 10 BC"
103,118.9714661,35.80955124,To Dongwu,Overland Route,2012-1-4 14:39,"January 4th, 10 BC"
102,118.9766159,35.81024551,To Dongwu,Overland Route,2012-1-4 14:44,"January 4th, 10 BC"
101,118.9813995,35.81172562,To Dongwu,Overland Route,2012-1-4 14:49,"January 4th, 10 BC"
100,118.9865112,35.81086349,To Dongwu,Overland Route,2012-1-4 14:54,"January 4th, 10 BC"
99,118.9917831,35.81130219,To Dongwu,Overland Route,2012-1-4 14:59,"January 4th, 10 BC"
98,118.9963074,35.81331253,To Dongwu,Overland Route,2012-1-4 15:04,"January 4th, 10 BC"
97,119.0008316,35.81532288,To Dongwu,Overland Route,2012-1-4 15:09,"January 4th, 10 BC"
96,119.0056229,35.81678391,To Dongwu,Overland Route,2012-1-4 15:14,"January 4th, 10 BC"
95,119.0106735,35.81728745,To Dongwu,Overland Route,2012-1-4 15:19,"January 4th, 10 BC"
94,119.0145035,35.81403351,To Dongwu,Overland Route,2012-1-4 15:24,"January 4th, 10 BC"
93,119.0180664,35.81579971,To Dongwu,Overland Route,2012-1-4 15:29,"January 4th, 10 BC"
92,119.0223236,35.81836319,To Dongwu,Overland Route,2012-1-4 15:34,"January 4th, 10 BC"
91,119.024971,35.82196426,To Dongwu,Overland Route,2012-1-4 15:39,"January 4th, 10 BC"
90,119.0269547,35.82580185,To Dongwu,Overland Route,2012-1-4 15:44,"January 4th, 10 BC"
89,119.0302734,35.8291626,To Dongwu,Overland Route,2012-1-4 15:49,"January 4th, 10 BC"
88,119.0319061,35.83312607,To Dongwu,Overland Route,2012-1-4 15:54,"January 4th, 10 BC"
87,119.0339203,35.83695221,To Dongwu,Overland Route,2012-1-4 15:59,"January 4th, 10 BC"
86,119.0340195,35.84081268,To Dongwu,Overland Route,2012-1-4 16:04,"January 4th, 10 BC"
85,119.03508,35.84497833,To Dongwu,Overland Route,2012-1-4 16:09,"January 4th, 10 BC"
84,119.03759,35.848629,To Dongwu,Overland Route,2012-1-4 16:14,"January 4th, 10 BC"
83,119.0391846,35.85201645,To Dongwu,Overland Route,2012-1-4 16:19,"January 4th, 10 BC"
82,119.0411072,35.85581207,To Dongwu,Overland Route,2012-1-4 16:24,"January 4th, 10 BC"
81,119.0412064,35.85967255,To Dongwu,Overland Route,2012-1-4 16:29,"January 4th, 10 BC"
80,119.0413208,35.8641777,To Dongwu,Overland Route,2012-1-4 16:34,"January 4th, 10 BC"
79,119.0423813,35.86834335,To Dongwu,Overland Route,2012-1-4 16:39,"January 4th, 10 BC"
78,119.0453339,35.87137604,To Dongwu,Overland Route,2012-1-4 16:44,"January 4th, 10 BC"
77,119.0500412,35.87285995,To Dongwu,Overland Route,2012-1-4 16:49,"January 4th, 10 BC"
76,119.0493164,35.87701416,To Dongwu,Overland Route,2012-1-4 16:54,"January 4th, 10 BC"
75,119.0530243,35.87977219,To Dongwu,Overland Route,2012-1-4 16:59,"January 4th, 10 BC"
74,119.0537643,35.88340378,To Dongwu,Overland Route,2012-1-4 17:04,"January 4th, 10 BC"
73,119.0574112,35.88609314,To Dongwu,Overland Route,2012-1-4 17:09,"January 4th, 10 BC"
72,119.0618134,35.88537979,To Dongwu,Overland Route,2012-1-4 17:14,"January 4th, 10 BC"
71,119.0649643,35.88190842,To Dongwu,Overland Route,2012-1-4 17:19,"January 4th, 10 BC"
70,119.069458,35.88266373,To Dongwu,Overland Route,2012-1-4 17:24,"January 4th, 10 BC"
69,119.0742188,35.8828125,To Dongwu,Overland Route,2012-1-4 17:29,"January 4th, 10 BC"
68,119.0789719,35.88244629,To Dongwu,Overland Route,2012-1-4 17:34,"January 4th, 10 BC"
67,119.0811768,35.88620758,To Dongwu,Overland Route,2012-1-4 17:39,"January 4th, 10 BC"
66,119.0842819,35.88964081,To Dongwu,Overland Route,2012-1-4 17:44,"January 4th, 10 BC"
65,119.0890808,35.88944244,To Dongwu,Overland Route,2012-1-4 17:49,"January 4th, 10 BC"
64,119.0928192,35.89180374,To Dongwu,Overland Route,2012-1-4 17:54,"January 4th, 10 BC"
63,119.0966721,35.89238358,To Dongwu,Overland Route,2012-1-4 17:59,"January 4th, 10 BC"
62,119.099472,35.88927078,To Dongwu,Overland Route,2012-1-4 18:04,"January 4th, 10 BC"
61,119.1032715,35.88844299,To Dongwu,Overland Route,2012-1-4 18:09,"January 4th, 10 BC"
60,119.1079407,35.88677597,To Dongwu,Overland Route,2012-1-4 18:14,"January 4th, 10 BC"
59,119.1130981,35.88746262,To Dongwu,Overland Route,2012-1-4 18:19,"January 4th, 10 BC"
58,119.1162186,35.8901062,To Dongwu,Overland Route,2012-1-4 18:24,"January 4th, 10 BC"
57,119.1203613,35.88824463,To Dongwu,Overland Route,2012-1-4 18:29,"January 4th, 10 BC"
56,119.1248856,35.88999176,To Dongwu,Overland Route,2012-1-4 18:34,"January 4th, 10 BC"
55,119.1296844,35.89144135,To Dongwu,Overland Route,2012-1-4 18:39,"January 4th, 10 BC"
54,119.1339493,35.89400101,To Dongwu,Overland Route,2012-1-4 18:44,"January 4th, 10 BC"
53,119.1382141,35.89656067,To Dongwu,Overland Route,2012-1-4 18:49,"January 4th, 10 BC"
52,119.1409607,35.9001236,To Dongwu,Overland Route,2012-1-4 18:54,"January 4th, 10 BC"
51,119.1439362,35.90361023,To Dongwu,Overland Route,2012-1-4 18:59,"January 4th, 10 BC"
50,119.1473923,35.90599823,To Dongwu,Overland Route,2012-1-4 19:04,"January 4th, 10 BC"
49,119.1523895,35.90703964,To Dongwu,Overland Route,2012-1-4 19:09,"January 4th, 10 BC"
48,119.1569901,35.90888977,To Dongwu,Overland Route,2012-1-4 19:14,"January 4th, 10 BC"
47,119.1619568,35.9099884,To Dongwu,Overland Route,2012-1-4 19:19,"January 4th, 10 BC"
46,119.1670761,35.90911484,To Dongwu,Overland Route,2012-1-4 19:24,"January 4th, 10 BC"
45,119.1717987,35.90750122,To Dongwu,Overland Route,2012-1-4 19:29,"January 4th, 10 BC"
44,119.1761475,35.90817261,To Dongwu,Overland Route,2012-1-4 19:34,"January 4th, 10 BC"
43,119.1813049,35.90885925,To Dongwu,Overland Route,2012-1-4 19:39,"January 4th, 10 BC"
42,119.1860962,35.91033173,To Dongwu,Overland Route,2012-1-4 19:44,"January 4th, 10 BC"
41,119.1908798,35.9118042,To Dongwu,Overland Route,2012-1-4 19:49,"January 4th, 10 BC"
40,119.1942825,35.91501617,To Dongwu,Overland Route,2012-1-4 19:54,"January 4th, 10 BC"
39,119.1988144,35.91701889,To Dongwu,Overland Route,2012-1-4 19:59,"January 4th, 10 BC"
38,119.2041321,35.91668701,To Dongwu,Overland Route,2012-1-4 20:04,"January 4th, 10 BC"
37,119.2085495,35.91452408,To Dongwu,Overland Route,2012-1-4 20:09,"January 4th, 10 BC"
36,119.2135773,35.91400528,To Dongwu,Overland Route,2012-1-4 20:14,"January 4th, 10 BC"
35,119.2184982,35.91519547,To Dongwu,Overland Route,2012-1-4 20:19,"January 4th, 10 BC"
34,119.2240295,35.91509247,To Dongwu,Overland Route,2012-1-4 20:24,"January 4th, 10 BC"
33,119.2291946,35.9157753,To Dongwu,Overland Route,2012-1-4 20:29,"January 4th, 10 BC"
32,119.2341003,35.916996,To Dongwu,Overland Route,2012-1-4 20:34,"January 4th, 10 BC"
31,119.2380295,35.91735077,To Dongwu,Overland Route,2012-1-4 20:39,"January 4th, 10 BC"
30,119.2425079,35.91743469,To Dongwu,Overland Route,2012-1-4 20:44,"January 4th, 10 BC"
29,119.2467117,35.92012787,To Dongwu,Overland Route,2012-1-4 20:49,"January 4th, 10 BC"
28,119.2515411,35.91987228,To Dongwu,Overland Route,2012-1-4 20:54,"January 4th, 10 BC"
27,119.25634,35.92131424,To Dongwu,Overland Route,2012-1-4 20:59,"January 4th, 10 BC"
26,119.2611389,35.9227562,To Dongwu,Overland Route,2012-1-4 21:04,"January 4th, 10 BC"
25,119.2651443,35.92586899,To Dongwu,Overland Route,2012-1-4 21:09,"January 4th, 10 BC"
24,119.2691574,35.92898178,To Dongwu,Overland Route,2012-1-4 21:14,"January 4th, 10 BC"
23,119.2729721,35.93133163,To Dongwu,Overland Route,2012-1-4 21:19,"January 4th, 10 BC"
22,119.2775574,35.93321609,To Dongwu,Overland Route,2012-1-4 21:24,"January 4th, 10 BC"
21,119.2817993,35.93584061,To Dongwu,Overland Route,2012-1-4 21:29,"January 4th, 10 BC"
20,119.2866364,35.9372139,To Dongwu,Overland Route,2012-1-4 21:34,"January 4th, 10 BC"
19,119.2919464,35.93687439,To Dongwu,Overland Route,2012-1-4 21:39,"January 4th, 10 BC"
18,119.2966766,35.93586349,To Dongwu,Overland Route,2012-1-4 21:44,"January 4th, 10 BC"
17,119.3009567,35.93841934,To Dongwu,Overland Route,2012-1-4 21:49,"January 4th, 10 BC"
16,119.3038864,35.94145584,To Dongwu,Overland Route,2012-1-4 21:54,"January 4th, 10 BC"
15,119.3065491,35.94504547,To Dongwu,Overland Route,2012-1-4 21:59,"January 4th, 10 BC"
14,119.308548,35.94887924,To Dongwu,Overland Route,2012-1-4 22:04,"January 4th, 10 BC"
13,119.312561,35.95198822,To Dongwu,Overland Route,2012-1-4 22:09,"January 4th, 10 BC"
12,119.3171463,35.95388031,To Dongwu,Overland Route,2012-1-4 22:14,"January 4th, 10 BC"
11,119.3223114,35.95455933,To Dongwu,Overland Route,2012-1-4 22:19,"January 4th, 10 BC"
10,119.3244324,35.95814514,To Dongwu,Overland Route,2012-1-4 22:24,"January 4th, 10 BC"
9,119.3287201,35.96067429,To Dongwu,Overland Route,2012-1-4 22:29,"January 4th, 10 BC"
8,119.3335114,35.96213913,To Dongwu,Overland Route,2012-1-4 22:34,"January 4th, 10 BC"
7,119.3383026,35.96360397,To Dongwu,Overland Route,2012-1-4 22:39,"January 4th, 10 BC"
6,119.3427353,35.96146393,To Dongwu,Overland Route,2012-1-4 22:44,"January 4th, 10 BC"
5,119.345871,35.95798492,To Dongwu,Overland Route,2012-1-4 22:49,"January 4th, 10 BC"
4,119.3495941,35.95469284,To Dongwu,Overland Route,2012-1-4 22:54,"January 4th, 10 BC"
3,119.3494797,35.95083618,To Dongwu,Overland Route,2012-1-4 22:59,"January 4th, 10 BC"
2,119.3513336,35.94697571,To Dongwu,Overland Route,2012-1-4 23:04,"January 4th, 10 BC"
1,119.3561249,35.94844055,To Dongwu,Overland Route,2012-1-4 23:09,"January 4th, 10 BC"